Battle on Board Gacha,2022-10-14
Heart Labyrinth Gacha,2022-10-14
Increases MDEF!"Sorcerer Student Council Gacha" Is Here!,2022-10-14
Step-up style "Sorcerer Student Council Gacha" starts!,2022-10-14
Nightmare Gacha,2022-10-13
Get Powerful Hi Cores! Hi Core Pack now available!,2022-10-13
Halloween Accessory Gacha,2022-10-13
Increased ATK! "Royal Knight Gacha" Is Here!,2022-10-13
【Screenshot Contest Results!】September Screenshot Contest Starts!,2022-10-13
New Event "Frozen Halloween～Part 1～" Starts!,2022-10-12
Powerful Gear! "Ability Avatar GachaⅢ" Arrives!,2022-10-12
Mounts with Sp Effects against Bosses! Couple Driving -Gain- Ⅲ Gacha,2022-10-12
Mounts with Sp Effects against Bosses! Couple Driving -Gain- Ⅳ Gacha,2022-10-12
Sp.Effect WeaponⅢ Gacha is here!,2022-10-12
Sp.Effect WeaponⅣ Gacha is here!,2022-10-12
2 "Area Boss Packs" Now Available!,2022-10-12
Earth Weapon Gacha,2022-10-12
City Police Gacha Tix,2022-10-12
Event Preview! "Frozen Halloween ～Part 1～",2022-10-11
Cat Pajama Gacha,2022-10-11
Wedding Kitty Gacha,2022-10-11
Harvest Festa Gacha,2022-10-11
Increases MATK!"Suzu Yokai Gacha" Is Here!,2022-10-11
About Connection Failure（Windows）,2022-10-11
Includes an Armor Set!"Good Fashion Gacha SP",2022-10-10
【C Dragon Flute Confirmed!】"Couple Drive Fes" Starts!,2022-10-10
"Dowsing Support Pack" is here!,2022-10-10
SP Limit Break Pack Now Available!,2022-10-09
Demons of the Underworld Gacha,2022-10-09
Increased Elemental Attack! "Rose Masquerade Gacha" Arrives!,2022-10-09
Sacred Knights Gacha,2022-10-09
Including Lv 100 Gear! "Build Up Pack" Now Available!,2022-10-08
Get Lv 140 UR Set!! "Grand Avatar Set Gacha" Now Available!,2022-10-08
"D Burst Gacha" now available!,2022-10-08
"Hard Metal Fanatic Gacha",2022-10-07
Alchemia Designers Ⅴ(Female) Gacha,2022-10-07
9 types of Pickup Weapon Gacha now available!,2022-10-07
Mischievous Ghosts Gacha,2022-10-06
High Core Lv 9 Added!!"New Grande Gacha",2022-10-06
Event "Spirit Wars (Water Spirit)" Starts!,2022-10-05
Increased Damage Limit! "Mechanic Tiger Gacha",2022-10-05
Halloween Gacha is Here!,2022-10-05
Mamono Plushie Gacha,2022-10-05
Limited Luxury Potato Sale & Potato Sale campaign released!,2022-10-05
Expansion items are now on time-sale!,2022-10-05
Adoramus Priest Gacha,2022-10-04
Sacred Elves Gacha,2022-10-04
"Luxurious Alchemia Pack"  now available!,2022-10-04
Red Core Selection Gacha,2022-10-04
Blue Core Selection Gacha,2022-10-04
Yellow Core Selection Gacha,2022-10-04
Green Core Selection Gacha,2022-10-04
Increased MATK!  "Blooming Dawn Gacha" Is Here!,2022-10-04
Good Fashion GachaⅧ,2022-10-03
Couple Drive FesL Starts!,2022-10-03
Increased ATK!"Aeronauts of the Sky Gacha" Is Here!,2022-10-03
Another Color Gacha,2022-10-02
SP Limit Break Pack Now Available!,2022-10-02
Accessory Ⅷ Selection Gacha,2022-10-02
Get Awakening materials on Step 4! Sp.Effect WeaponⅡ Gacha is here!,2022-10-01
Mounts with Sp Effects against Bosses! Couple Driving -Gain- Ⅱ Gacha,2022-10-01
"Burst Gacha" now available!,2022-10-01
2 "Area Boss Packs" Now Available!,2022-10-01
【UR30％!】Enhance Gear Performance! "Rune Gacha" Starts!,2022-10-01
October NM Gacha Tix,2022-10-01
【10/6 17:00(JST)Update】Get Bonus Items! Bonus Gem Campaign is here!,2022-10-01
Wandering Rescue Doctor Gacha,2022-09-30
Armor Set Added!Alchemia Designer Series (Boy),2022-09-30
【9/30 Update】Increased MATK・Damage Limit!"Young Artist Gacha" Is Here!,2022-09-30
【9/30 Update】Step-up style "Young Artist Gacha" starts!,2022-09-30
vsBOSS Pack,2022-09-29
Street Pop Gacha,2022-09-29
Limited Event !"Alchemia Travel Campaign" Starts!,2022-09-28
Dreamy Butterfly Gacha Is Here!,2022-09-28
"SP Couple Drive Gain Gacha" Now Available!,2022-09-28
2022 Calendar Wallpaper!,2022-09-28
Fight for Freedom Gacha,2022-09-27
Floating Jellyfish Gacha,2022-09-27
Taste of Fall Gift Pack is here!,2022-09-27
Get a Powerful Gear Set! "SP Ability Avatar GachaⅡ"!,2022-09-27
Cat 2 Gacha,2022-09-26
"Divine Packs" Now Available!,2022-09-26
UPSD Pack now available!,2022-09-25
Price of your Contract! Demons of the Night Gacha Is Here!,2022-09-25
October 2022 Calendar Wallpaper!,2022-09-25
Wing Collection Gacha,2022-09-24
Get Powerful Cores! SP Core Pack now available!,2022-09-24
Cats of the Mountain Shrine Gacha,2022-09-23
Soul Eater of Darkness Gacha,2022-09-23
Legendary Fest Gacha,2022-09-23
Paid Gems Only! Legendary Fest Gacha,2022-09-23
LR Weapon BOX,2022-09-23
4 Types of "Enhanced Sword Packs" now available for a limited time!,2022-09-22
Accessory Ⅸ Selection Gacha,2022-09-22
New Event "Tsukimi Panic ～Part 2～" Starts!,2022-09-21
Emotion Gift Box5 Arrives!,2022-09-21
Increased Elemental Attack!  "Snow Magic Gacha" Is Here!,2022-09-21
Get Awakening materials on Step 4! Sp.Effect Weapon Gacha is here!,2022-09-21
Mounts with Sp Effects against Bosses! Couple Driving -Gain- Gacha,2022-09-21
2 "Area Boss Packs" Now Available!,2022-09-21
Couple Drive Gacha Starts!,2022-09-21
About Connection Failure（Windows）,2022-09-21
Lily Bride Gacha,2022-09-20
Good Fashion GachaⅣ,2022-09-20
『Glorious Dragonewt Gacha』,2022-09-20
New Mount  Rate UP! Couple Drive FesR Starts!,2022-09-20
NPC Avatar Gacha (Light & Hikari) now available!,2022-09-19
Bisque Doll Gacha,2022-09-19
"SP Master Pack" / 4 Master Drills Is Now Available!,2022-09-18
"Mighty Power Gacha" is here!,2022-09-18
Increased ATK & Critical Damage! "Dancing Butterflies Gacha"  Is Here!,2022-09-18
Good Fashion GachaⅢ,2022-09-16
Warrior Hunter Gacha,2022-09-16
"Stormy Demon Bow Gacha" starts!,2022-09-16
Tea House Town Gacha,2022-09-16
Get Powerful Cores! EX Core Pack now available!,2022-09-15
Increased ATK & Critical Damage! "Dancing Butterflies Gacha"  Is Here!,2022-09-15
Unlimited fights! "No Tickets Needed Area Boss Campaign!" Starts!,2022-09-14
New Mount  Rate UP! Couple Drive Gacha Starts!,2022-09-14
【Screenshot Contest Results!】August Screenshot Contest Starts!,2022-09-14
Lunar Harvest Gacha,2022-09-13
"Fantastic Academy Gacha" starts!,2022-09-13
Good Fashion GachaⅦ,2022-09-13
"Alchemia Pack" w/ Rune Box! 2 Types Now Available!,2022-09-12
Increased Elemental Attack! "Hydrangea at Dusk Gacha" Is Here!,2022-09-12
Good Fashion GachaV,2022-09-11
Get 11 High Cores!!"High Grande Gacha",2022-09-11
Guiding Moonlight Gacha,2022-09-09
"Plumeria Marriage Gacha" starts!,2022-09-09
Increased Elemental Attack! "Melodic Conductor Gacha" Is Here!,2022-09-09
Step-up style "Melodic Conductor Gacha" starts!,2022-09-09
New Event "Tsukimi Panic～Part 1～" Starts!,2022-09-07
Samurai Decorum Gacha,2022-09-07
Oratorio of Angels Tix,2022-09-07
"Battle Ronin Gacha" starts!,2022-09-06
Wedding Kimono Gacha,2022-09-06
Increased DEF to the same element! "Marine Wear Gacha" Is Here!,2022-09-04
『Fire Squad Gacha』,2022-09-02
Observers in the Sky Gacha,2022-09-02
September NM Gacha Tix,2022-09-01
Bonus Gem Campaign Starts!,2022-09-01
Step-up style "Schwarze Maschine Gacha" starts!,2022-08-31
Increases max HP! "Schwarze Maschine Gacha" Is Here!,2022-08-31
Event "Spirit Wars (Wind Spirit)" Starts!,2022-08-31
September 2022 Calendar Wallpaper!,2022-08-31
Oniyasha of the Underworld Gacha,2022-08-30
Blood Moon Gacha,2022-08-30
Dreamy Butterfly Gacha Is Here!,2022-08-30
Destroyer of the Abyss Gacha Is Here!,2022-08-29
Night Sky Gacha,2022-08-28
Firing crystal of eternal light  Gacha,2022-08-26
Eternal Gothic Doll Gacha,2022-08-26
「UPDATE 8/26 15:25 (JST)」Win LR Accessory!? "Traditional Jewelry Gacha" Arrives!,2022-08-26
Summer Limited! "Once a Day Free 10x Gacha" Part 4 Now Available!,2022-08-25
New feature on the Windows version! RT Campaign,2022-08-24
【8/26 Edit】New Feature on the Windows Ver.!  Link Up Campaign Starts!,2022-08-24
New feature on the Windows version: "Anemos Points" and "Sage Points",2022-08-24
August 24 update details!,2022-08-24
Sacred Knights Gacha,2022-08-24
More the Merrier!  "Strong & Cute Mamono-chan Gacha" Now Available!,2022-08-24
LR Box,2022-08-24
Armor Set Added!Alchemia Designer Series (Girl),2022-08-23
Cat God of Memphis Gacha,2022-08-23
Increased Elemental Attack!  "Snow Magic Gacha" Now Available!,2022-08-21
Science Fiction Gacha,2022-08-21
Enhance Your Weapons! "Rune Space Pack" Now Available!,2022-08-20
50% Off! "Selected Weapons Gacha" is here!,2022-08-20
【Berserker】List of where to get materials for Akashic Weapons by job,2022-08-20
【Moonlight Fencer】List of where to get materials for Akashic Weapons by job,2022-08-20
【Wizard】List of where to get materials for Akashic Weapons by job,2022-08-20
【Priest】List of where to get materials for Akashic Weapons by job,2022-08-20
【Planetary Mage】List of where to get materials for Akashic Weapons by job,2022-08-20
【Mage】List of where to get materials for Akashic Weapons by job,2022-08-20
【Paladin】List of where to get materials for Akashic Weapons by job,2022-08-20
【Assassin】List of where to get materials for Akashic Weapons by job,2022-08-20
【Highfighter】List of where to get materials for Akashic Weapons by job,2022-08-20
【Engineer】List of where to get materials for Akashic Weapons by job,2022-08-20
【Hero】List of where to get materials for Akashic Weapons by job,2022-08-20
【Lancer Cavalry】List of where to get materials for Akashic Weapons by job,2022-08-20
【Hunter】List of where to get materials for Akashic Weapons by job,2022-08-20
Featuring Snow Spirit Wings!"Minion Knight Gacha",2022-08-19
Wonderland Seeker Gacha,2022-08-19
Survivor of the Apocalypse Gacha,2022-08-19
Increased Elemental Attack! "Hydrangea at Dusk Gacha" Is Here!,2022-08-18
Summer Limited! "Once a Day Free 10x Gacha" Part 3 Now Available!,2022-08-18
New Event "The Camp of the Dead ～Part 2～" Starts!,2022-08-17
【Screenshot Contest Results!】July Screenshot Contest Starts!,2022-08-17
Star Fest Avatar Gacha,2022-08-16
Fashionable Beat Gacha,2022-08-16
Price of your Contract! Demons of the Night Gacha Is Here!,2022-08-16
Extreme Racers Gacha,2022-08-14
Sacred Gacha,2022-08-13
Flashing Hyperion Gacha,2022-08-12
Lonely Hunter!"Vampire Hunter Gacha" Is Here!,2022-08-12
Step-up style "Vampire Hunter Gacha" starts!,2022-08-12
Summer Limited! "Once a Day Free 10x Gacha" Part 2 Now Available!,2022-08-11
Increased Damage Limit! "Mechanic Tiger Gacha",2022-08-10
Stormy Demon Bow Tix,2022-08-10
Secret Agent Gahca,2022-08-09
Oni Kagura Gacha,2022-08-09
Increased Damage Limit! "12 Stars in the Sky Gacha" Now Available!,2022-08-07
Increased Recovery!  "Gothic Priest Gacha" Now Available!,2022-08-07
Increased Elemental Attack! "Rose Masquerade Gacha" Arrives!,2022-08-05
"Yukata Pack" Arrives!,2022-08-05
Increased MATK!  "Blooming Dawn Gacha" Is Here!,2022-08-05
Includes LR Challenge Tix! 9 types of featured weapon gachas are now available!,2022-08-04
New Event "The Camp of the Dead～Part 1～" Starts!,2022-08-03
Alchemia Summer Campaign,2022-08-03
Step-Up Style "Cool Summer Gacha" Now Available!,2022-08-03
Make a fortune!? Alchemia Summer Lottery!,2022-08-03
Summer Limited! Total 290x! "Once a Day Free 10x Gacha" Now Available!,2022-08-03
Summer Limited! "Once a Day Free 10x Gacha" Part 1 Now Available!,2022-08-03
"Holy Rabbit Gacha" Now Available!,2022-08-02
Increased Recovery! "Royal Wedding Gacha" Is Here!,2022-08-02
August NM Gacha Tix,2022-08-01
Step-up style "Suzu Yokai Gacha" starts!,2022-07-31
August 2022 Calendar Wallpaper!,2022-07-31
Dazzling Ninjas Gacha,2022-07-30
Winged Lancer Gacha,2022-07-29
"Divine Dragon Gacha" Now Available!,2022-07-29
Resort Walk Gacha,2022-07-29
Sleeping Abyss Gacha,2022-07-28
Double chance campaign for selected Area Boss drops!,2022-07-27
Bridal Dress Gacha,2022-07-26
Increased ATK & Critical Damage! "Dancing Butterflies Gacha" Now Available!,2022-07-26
Modern Gacha is Here!,2022-07-23
Accessory Ⅵ Selection Gacha,2022-07-22
Guardian Angel Gacha,2022-07-22
New Event "Gyorumi Village Festival? ～Part 2～" Starts!,2022-07-20
【Screenshot Contest Results!】June Screenshot Contest Starts!,2022-07-20
"Creative Gacha" Now Available!,2022-07-19
Increased DEF to the same element! "Garden of Miracles Gacha" Now Available!,2022-07-18
Increased MATK! "Brave Wizard Gacha" Now Available!,2022-07-16
Increased ATK! "Royal Knight Gacha" Now Available!,2022-07-16
Alchemy Academy Gacha,2022-07-15
Detective's Inspiration!  "Seeker of Truth Gacha" Is Here!,2022-07-14
New Rank 3 Job "Legend" is Here! July 13 Update!,2022-07-13
Double chance campaign for selected Area Boss drops!,2022-07-13
Sweet Service Gacha,2022-07-12
"Oratorio of Angels Gacha" starts!,2022-07-12
Easter Bunny Gacha Is Here!,2022-07-12
Good Fashion GachaⅥ,2022-07-10
Another Color GachaⅡ,2022-07-09
Introducing the 2nd Place Item from the Design Contest Boy’s Division!,2022-07-08
"Wolf Armor Gacha" starts!,2022-07-08
Accessory Ⅶ Selection Gacha,2022-07-07
New Event "Gyorumi Village Festival?～Part 1～" Starts!,2022-07-06
[7/6 18:00 Update] Maintenance Notice [End],2022-07-06
Featuring Demon Wings!"Fallen Traitor  Gacha" now available!,2022-07-05
Legendary Fest Gacha,2022-07-03
"Cats & Rice Lottery T" Winner Results!,2022-07-01
"Spiritual Shaman Gacha",2022-07-01
July NM Gacha Tix,2022-07-01
Mount,2022-06-30
Double chance campaign for selected Area Boss drops!,2022-06-29
Alchemia DesignersⅢ(Boy),2022-06-28
Noble Industry Gacha！,2022-06-28
Emotion Gift Box4 Arrives!,2022-06-26
July 2022 Calendar Wallpaper!,2022-06-25
Armor Set Added!Wild Roar Gacha,2022-06-24
"Demon Kings Gacha" now available!,2022-06-24
Win LR Accessory!? "Traditional Jewelry Gacha" Arrives!,2022-06-24
New Event "Wedding on a Cruise Ship ～Part 2～" Starts!,2022-06-22
2017 X'mas Avatar Gacha,2022-06-21
"Welcome back Master/My Lady Gacha" starts!,2022-06-17
Event "Spirit Wars (Earth Spirit)" Starts!,2022-06-15
"Wind Weapon Gacha" now available!,2022-06-15
Step-Up Style "Rainy Season Sp Gacha" Now Available!,2022-06-15
Formal Dress Gacha,2022-06-15
【Screenshot Contest Results!】May Screenshot Contest Starts!,2022-06-15
Comes with abilities!"Rabbit Barrage Gacha" !,2022-06-12
Crane's Return of a Favor Gacha,2022-06-10
"-Deathly Revelation- Grim Reaper Gacha" starts!,2022-06-10
New Event "Wedding on a Cruise Ship～Part 1～" Starts!,2022-06-08
"Rainy Pack" now on sale!,2022-06-08
Wolf Armor Gacha Tix,2022-06-08
Introducing the 3rd Place Item from the Design Contest Girl’s Division!,2022-06-07
"Easter Hunt Gacha" starts!,2022-06-07
June NM Gacha Tix,2022-06-01
Step-Up Style "4th Release Anniversary Gacha" Now Available!,2022-05-30
"Anniversary Pack" Now Available!,2022-05-30
Free 10x Gacha Now Available!,2022-05-30
Thief's Tricks! "Midnight Phantom Gacha" Is Here!,2022-05-28
Powerful Gear! "Ability Avatar GachaⅡ" Arrives!,2022-05-27
New Event "A Star is Born?! Diva Mamono ～Part 2～" Starts!,2022-05-25
Soul Carnival Gacha,2022-05-20
June 2022 Calendar Wallpaper!,2022-05-20
May 18 update details!,2022-05-18
【Screenshot Contest Results!】April Screenshot Contest Starts!,2022-05-18
Dragon's Revelation Gacha,2022-05-17
Lots Of Cute Stuffed Animals! "Plushie Gacha" Now Available!,2022-05-16
"Natural Beauty Peach Festival! Gacha" now available!,2022-05-13
New Event "A Star is Born?! Diva Mamono～Part 1～" Starts!,2022-05-11
F Academia Gacha Tix,2022-05-11
Fox God Gacha,2022-05-10
Win a complete UR Avatar set! " Avatar Dream Gacha" starts!,2022-05-07
Alchemia DesignersⅣ(Boy) Gacha,2022-05-06
Couple Drive Fes Starts!,2022-05-02
May NM Gacha Tix,2022-05-01
Increased ATK & MATK! "Cruel Officer Gacha" is here!,2022-04-28
Nussy Hoodie Gacha,2022-04-28
New Event "Dragon E Egg Z ～Part 2～" Starts!,2022-04-27
"GW Alchemia Campaign" Starts!,2022-04-27
Step-Up Style "GW Special Gacha" Now Available!,2022-04-27
Golden Week Limited! "GW Sp Pack" Now Available!,2022-04-27
Event "Spirit Wars (Flame Spirit)" Starts!,2022-04-27
GW Login Bonus Starts,2022-04-27
"White Night Gacha" starts!,2022-04-26
Win LR Accessory!? "Traditional Jewelry Gacha" Arrives!,2022-04-26
Pure Collection Gacha,2022-04-25
May 2022 Calendar Wallpaper!,2022-04-25
Cyber Fantasy Gacha,2022-04-24
Winter School Uniform Gacha,2022-04-23
High Core Lv 9 Added!!"New Grande Gacha",2022-04-23
Lovely Wonderland Gacha,2022-04-22
Increased Damage Limit! "Forbidden Beasts Gacha",2022-04-22
April 20 update details!,2022-04-20
Increased Elemental Attack!"Milky Way Explorers Gacha" Arrives!,2022-04-18
Get Rare Cores! "Core Boost Gacha" now available!,2022-04-16
【Screenshot Contest Results!】March Screenshot Contest Starts!,2022-04-15
Increased MATK! "Pastry Chef Gacha" Now Available!,2022-04-14
New Event "Dragon E Egg Z～Part 1～" Starts!,2022-04-13
"Spring Support Campaign" Starts!,2022-04-13
Happy Back to School Gacha,2022-04-12
Step-Up Style "Japanese Style Spring Gacha" Is Here!,2022-04-10
"Dressy Kimono Gacha"now available!,2022-04-07
Dressy KimonoⅡ Gacha,2022-04-07
Get UR Set! New Year! Dressy SP Gacha,2022-04-07
"Dark Night’s Raven Gacha" starts!,2022-04-05
Get 11 High Cores!!"High Grande Gacha",2022-04-04
S&C Mamono-chan G Tix,2022-04-02
New Event "True Power of Lies" Starts!,2022-04-02
About Changing Jobs,2022-04-01
"Heavenly Dance Gacha" starts!,2022-04-01
【April NM Gacha Tix】,2022-04-01
New Event "The Power of Lies" Starts!,2022-04-01
April 2022 Calendar Wallpaper!,2022-03-31
"Spring is Here Panel Mission" Starts!,2022-03-30
Red Core Selection Gacha,2022-03-29
Blue Core Selection Gacha,2022-03-29
Yellow Core Selection Gacha,2022-03-29
Green Core Selection Gacha,2022-03-29
Mix and match! Accessory Paradise GachaⅡ starts!,2022-03-27
Spider Puppet Gacha,2022-03-25
Möbius Shooter Gacha,2022-03-24
New Event "Sakura Battle!! ～Part 2～" Starts!,2022-03-23
Emotion Gift Box3 Arrives!,2022-03-23
Mamono-chan's Miracle Set A,2022-03-16
March 16 update details!,2022-03-16
【Screenshot Contest Results!】February Screenshot Contest Starts!,2022-03-16
Red Fairy-Tale Gacha,2022-03-15
【3/23 Edit】Powerful Gear! "Ability Avatar Gacha" Arrives!,2022-03-14
Ange Fleur Gacha,2022-03-13
【Contest Results!】YOME Phrase Contest Starts!,2022-03-11
New Event "Sakura Battle!!～Part 1～" Starts!,2022-03-09
Miracle Core 10x G Tix,2022-03-09
Miracle Accessory G Tix,2022-03-09
Miracle Weapon 10x G Tix,2022-03-09
Miracle Armor 10x G Tix,2022-03-09
Grim Reaper G Tix,2022-03-09
Increased MATK!  "Sparkling Celebration gacha" Now Available!,2022-03-04
Step-Up Style "Hina Matsuri Special Gacha" Now Available!,2022-03-02
【March NM Gacha】,2022-03-01
March 2022 Calendar Wallpaper!,2022-02-28
Rose Scented Tea Party Gacha,2022-02-25
Win LR Accessory!? "Traditional Jewelry Gacha" Arrives!,2022-02-23
New Event "The Crime of Chocolate ～Part 2～" Starts!,2022-02-22
MeowMeow Gacha,2022-02-22
『Sweet, Melty Temptation ♡Gacha』,2022-02-22
【Screenshot Contest Results!】January Screenshot Contest Starts!,2022-02-16
Gothic Gacha,2022-02-15
New Event "The Crime of Chocolate～Part 1～" Starts!,2022-02-09
Limited Gem Sets Now Available!,2022-02-09
[2/9 18:00 Update] Maintenance Notice [End],2022-02-09
Dark Night's Raven Tix,2022-02-09
Valentine's Day Limited "Valentine Gift Pack" Now Available!,2022-02-08
February NM Gacha Tix,2022-02-01
February 2022 Calendar Wallpaper!,2022-01-31
Win LR Accessory!? "Traditional Jewelry Gacha" Arrives!,2022-01-29
Couple Drive Fes Starts!,2022-01-28
Step-Up Style "Winter Gacha" Now Available!,2022-01-27
New Event "Steamy Onsen Ruckus ～Part 2～" Starts!,2022-01-26
January 19 update details!,2022-01-19
A RT Campaign to celebrate our 1st round of voice additions is starting!,2022-01-19
December Screenshot Contest Starts!,2022-01-19
【1/19Update】You might get rich?! "Alchemia Lottery" now available,2022-01-19
【17:20 Update】Notice: Temporary disconnection,2022-01-13
[1/12 update]New Event "Steamy Onsen Ruckus～Part 1～" Starts!,2022-01-12
「Steamy Hot Spring Tour Gacha」,2022-01-12
Increased MATK!  "Magical Angels  Gacha" Now Available!,2022-01-07
【1/6 Edit】New Year’s Holiday Campaign Pt 2 Starts!,2022-01-06
Crimson Super Star Gacha,2022-01-06
Legendary Fest Gacha,2022-01-03
Cat Gacha,2022-01-02
Blessed Emperor Gacha,2022-01-02
January NM Gacha Tix,2022-01-01
【1/5 Edit】New Event "The Sun Goddess' Blessing" Starts!,2022-01-01
Step-Up Style "New Year's Gacha" Is Here!,2022-01-01
Happy New Year!,2022-01-01
"Lucky Bags" Now Available!,2022-01-01
L Fest Gacha Tix2,2021-12-31
L Fest x10 Gacha Tix2,2021-12-31
Changed the element of monsters in the Team VS Battle.,2021-12-29
【12/24 Update】We've extended the deadline for buying Alchemia Story merch!,2021-12-24
Shine! Spotlight Gacha,2021-12-24
Step-Up Style "Xmas Special Gacha" Is Here!,2021-12-24
[Xmas Pack & Gift] Now Available!,2021-12-24
January 2022 Calendar Wallpaper!,2021-12-24
New Event "Targeted Claus ～Part 2～" Starts!,2021-12-22
New Year’s Holiday Campaign Pt 1 Starts!,2021-12-22
Emotion Gift Box2 Arrives!,2021-12-22
[Important] Support during new year holidays,2021-12-22
December 15 update details!,2021-12-15
【Screenshot Contest Results!　12/17Update】November Screenshot Contest Starts!,2021-12-15
New Event "Targeted Claus～Part 1～" Starts!,2021-12-09
Japanese Style Gacha,2021-12-08
Get 11 High Cores!!"High Grande Gacha",2021-12-05
New job added! December 2 update details!,2021-12-02
Saint Gacha with increased Recovery is here!,2021-12-02
Tradeable "Gift Box" now available!,2021-12-02
3 Types of Limited "Monthly Packs" Are Here!,2021-12-01
December NM Gacha Tix,2021-12-01
2021 Calendar Wallpaper!,2021-11-30
December 2021 Calendar Wallpaper!,2021-11-30
Happy Birthday! [1130 Gem] Present!,2021-11-30
Sea Creatures☆Gacha,2021-11-25
【11/24Update】4th Anniversary! "4th Anniversary Packs" Now Available!,2021-11-24
New Event "Gerumi Party! ～Part 2～" Starts!,2021-11-24
4th Anniversary Login Bonus!,2021-11-24
L Fest G 2021 Tix,2021-11-24
LR Accessory G 2021Tix,2021-11-24
November 17 update details!,2021-11-17
"Special 4th Anniversary Gacha" Now Available!,2021-11-17
"4th Anniversary Gacha" Now Available!,2021-11-17
Strengthen your Job weapons! "Akashic Weapon Support Pack" arrives!,2021-11-17
Limit Break the Mount You Like! "Choose Miracle Drop P" Is Here!,2021-11-17
Daily Quest rewards doubled!,2021-11-17
【Screenshot Contest Results!】October Screenshot Contest Starts!,2021-11-17
Step-Up Style "Winter Gacha" Now Available!,2021-11-14
Announcing the Start of our Windows Edition,2021-11-10
【11/17 Edit】4th Anniversary Campaign,2021-11-10
New Event "Gerumi Party! ～Part 1～" Starts!,2021-11-10
New Rank 3 Job "Chaos Xcalibur" is Here! November 10 Update!,2021-11-10
Chaos Xcalibur Prime Weapon! "1H Sword Gacha" is here!,2021-11-10
Free 10x Gacha Now Available!,2021-11-10
"Explorer Support Campaign" Starts!,2021-11-10
Windows Version Now Available! RT Campaign Starts!,2021-11-10
Sweet Service Gacha Tix,2021-11-10
Soul Eater of Darkness Gacha Tix,2021-11-10
Heart Labyrinth Tix,2021-11-10
Designers 5 (Boy)G Tix,2021-11-10
Designers 5(Girl)G Tix,2021-11-10
Crimson Super Star Gacha Tix,2021-11-10
November NM Gacha Tix,2021-11-01
New Event "Hungry Pumpkin Night ～Part 2～" Starts!,2021-10-27
"Area Boss Support Pack" Now Available!,2021-10-26
"Urban Elegance Gacha" with Elemental Defense Ability Is Here!,2021-10-25
Step-Up Style "Mid-Autumn Gacha" Now Available!,2021-10-24
【10/22Update】Win LR Accessory!? "Traditional Jewelry Gacha" Arrives!,2021-10-22
November 2021 Calendar Wallpaper!,2021-10-21
Double chance campaign for selected Area Boss drops!,2021-10-20
【Screenshot Contest Results!】September Screenshot Contest Starts!,2021-10-15
New Event "Hungry Pumpkin Night ～Part 1～" Starts!,2021-10-13
[Revival!]Limited collaboration event with Asobimo's popular MMORPG "Toram Online"  Starts!,2021-09-29
Emotion Gift Box Arrives!,2021-09-29
[9/29 18:00 Update] Maintenance Notice [End],2021-09-29
Get a Powerful Gear Set! "SP Ability Avatar Gacha"!,2021-09-28
October 2021 Calendar Wallpaper!,2021-09-27
Swimsuit Gacha Now Available!,2021-09-24
Alchemia DesignersⅤ(Boy) Gacha,2021-09-19
New Event "Invaders of the Fancy Ship ～Part 2～" Starts!,2021-09-15
Step-Up Style "Autumn Gacha" Now Available!,2021-09-14
Couple Drive Gacha Starts!,2021-09-10
September 8 update details!,2021-09-08
Sacred Mind Gacha Tix,2021-09-08
【Screenshot Contest Results!】August Screenshot Contest Starts!,2021-09-08
【Chrome Emperor Flute Confirmed!】"Couple Drive Fes" Starts!,2021-09-06
Couple Drive Gacha Starts!,2021-09-03
New Event "Invaders of the Fancy Ship ～Part 1～" Starts!,2021-09-02
Fire Resistant UR! "Summer Fever Gacha" Now Available!,2021-08-30
Trendy Pop Culture Gacha with a Damage Limit+ Ability is now available!,2021-08-28
Step-Up Style "Cool Summer Gacha" Now Available!,2021-08-26
September 2021 Calendar Wallpaper!,2021-08-25
Kinder Duck Gacha,2021-08-24
Summer Limited! "Once a Day Free 10x Gacha" Part 3 Now Available!,2021-08-24
Couple Drive Fes Starts!,2021-08-22
[8/20 19:20 JST Edit]Win LR Accessory!? "Traditional Jewelry Gacha" Arrives!,2021-08-20
New Event! [Wish Upon a Star ～Part 2～],2021-08-18
Summer Limited! "Once a Day Free 10x Gacha" Part 2 Now Available!,2021-08-14
Comes with abilities!"Rabbit Barrage Gacha" Now Available!,2021-08-13
LR Challenge Tix,2021-08-12
Blessed Emperor Gacha Tix,2021-08-11
【Screenshot Contest Results!】July Screenshot Contest Starts!,2021-08-11
Play at Home Pack is here!,2021-08-07
Summer Limited! Total 280x! "Once a Day Free 10x Gacha" Now Available!,2021-08-04
New Event "Wish Upon a Star ～Part 1～" Starts!,2021-08-04
Stay home Campaign Starts!,2021-08-04
Limited "Stay Home Gacha" Now Available!,2021-08-04
Summer Limited! "Once a Day Free 10x Gacha" Part 1 Now Available!,2021-08-04
"Journey Charm Gacha"!,2021-08-02
Step-Up Style "Main Story Pt 1 Conclusion Gacha" Now Available!,2021-07-28
Part 1 Packs is here!,2021-07-28
Destroyer Prime Weapon!"2H Axe Gacha" is here!,2021-07-28
Revealing the Synopsis! Main Story Part 1 Concludes on July 28!,2021-07-26
August 2021 Calendar Wallpaper!,2021-07-25
The 1st Part of the Main Story Completes on 7/28! RT & Login Bonus Campaigns Start!,2021-07-21
New Event "Underwater Adventure! ～Part 2～" Starts!,2021-07-21
Legendary Fest Gacha,2021-07-21
"Explorer Support Campaign" Starts!,2021-07-21
【Screenshot Contest Results!】June Screenshot Contest Starts!,2021-07-14
Accessory CollectionⅡ Gacha,2021-07-13
Accessory Ⅲ Selection Gacha,2021-07-13
Friends of the Sea Gacha,2021-07-12
Hot Seaside Gacha,2021-07-11
Tropical Vacation Gacha,2021-07-10
White Fairy Metamorphosis Gacha,2021-07-10
New Event "Underwater Adventure! ～Part 1～" Starts!,2021-07-07
Swimsuit Gacha,2021-07-07
Holy Messenger Gacha Tix,2021-07-07
Screenshots on the Store,2021-07-06
The Sorrow of Angels Gacha,2021-07-03
Win a complete UR Avatar set! " Avatar Dream Gacha" starts!,2021-07-02
Equipment enhancement big success rate campaign now opens!,2021-06-30
July 2021 Calendar Wallpaper!,2021-06-29
【6/28 Edit】Win LR Accessory!? "Traditional Jewelry Gacha" Arrives!,2021-06-28
Enhance Gear Performance! "Rune Gacha" Starts!,2021-06-26
【6/28 Edit】UR+ T Jewelry G Tix,2021-06-25
Good Fashion Gacha,2021-06-24
New Event "Kitty☆Wedding ～Part 2～" Starts!,2021-06-23
"Explorer Support Campaign" Starts!,2021-06-23
【6/23Update】Alchemia Lottery Result！,2021-06-23
Increased Damage Limit! "Forbidden Beasts Gacha" Now Available!,2021-06-18
Boosted Zell Dungeon Campaign Starts!,2021-06-16
【6/23 Edit】"Comeback Campaign" now starts!,2021-06-16
Enhance your equipment! "Upgrade Gacha" is here!!,2021-06-16
【Screenshot Contest Results!】May Screenshot Contest Starts!,2021-06-16
"Dowsing Support Pack" is here!,2021-06-13
Holy Messenger Gacha,2021-06-12
Yashiro Azuki's Alchemia Story collab manga released!,2021-06-11
New Event "Kitty☆Wedding ～Part 1～" Starts!,2021-06-09
4 "Area Boss Packs" Now Available!,2021-06-09
"Explorer Support Campaign" Starts!,2021-06-09
White Night Gacha Tix,2021-06-09
Get Powerful Cores! SP Core Pack now available!,2021-06-07
Step-up style "Journey Charm Gacha" starts!,2021-06-03
Notice: Temporary disconnection,2021-06-03
"Anniversary Pack" Now Available!,2021-06-01
Get Powerful Cores! EX Core Pack now available!,2021-05-30
Get Max Limit Break Lv 140 Weapon from 11 draws! 9 types of Pickup Weapon Gacha now available!,2021-05-29
Get Lv140 Gear! "Selected Avatars Gacha" is here!,2021-05-29
[5/28 Update]New Event "The Sleeping Dragon ～Part 2～" Starts!,2021-05-28
Step-Up Style "3rd Release Anniversary Gacha" Now Available!,2021-05-26
Free 10x Gacha Now Available!,2021-05-26
UR Ability Armor G Tix,2021-05-26
June 2021 Calendar Wallpaper!,2021-05-26
Castle Knights Gacha,2021-05-25
Avatar List【10/7 Update】,2021-05-25
Cyber Fantasy Gacha,2021-05-23
Get 11 High Cores!!"High Grande Gacha",2021-05-22
BringTraffic Cones To Yashiro Azuki!! RT Campaign Starts!,2021-05-21
Results! Yashiro Azuki x Alchemia Story Screenshot Campaign!,2021-05-21
Results! Collab! Vs Yashiro Azuki Team VS Battle: Traffic Cone Starts!,2021-05-21
Innocent Princess Gacha,2021-05-20
"City Police Gacha" starts!,2021-05-19
[Results!] April Screenshot Contest Starts!,2021-05-18
Green Core Selection Gacha,2021-05-16
Yellow Core Selection Gacha,2021-05-16
Blue Core Selection Gacha,2021-05-15
Red Core Selection Gacha,2021-05-15
Couple Drive Gacha Starts!,2021-05-14
"Burst Gacha" now available!,2021-05-13
New Event "The Sleeping Dragon ～Part 1～" Starts!,2021-05-12
Beat the Bosses! "Explorer Support Campaign" Starts!,2021-05-12
EX Hairstyle PackⅡ,2021-05-12
"Light Armor Gacha" starts!,2021-05-12
New Mount "Cat" Rate UP! Couple Drive Gacha Starts!,2021-05-07
"GW Campaign Gacha" Is Here!,2021-05-02
【Complete】Issue with GW Dungeon Rewards,2021-04-30
Notice: Temporary disconnection,2021-04-30
1000 Gems & Lv 10 Core Present! "GW Campaign" Starts!,2021-04-28
Sacred Mind Gacha available again!,2021-04-27
"Alchemia Pack" w/ Rune Box! 2 Types Now Available!,2021-04-27
May 2021 Calendar Wallpaper!,2021-04-27
Step up style "Alchemia Dream Gacha"  is now available!,2021-04-26
Get Lv140 Gear! "Selected Avatars Gacha" is here!,2021-04-25
New Event "Cherry Blossom Festival ～Part 2～" Starts!,2021-04-21
Beginner Couple Drive Gacha Bug,2021-04-20
Gleaming Flash Gacha,2021-04-18
Loyal Hollyhock Gacha,2021-04-18
Get Max LB Lv100 w/11 Draws! Grand Shield Gacha Arrives!,2021-04-16
Notice: Temporary disconnection,2021-04-15
Spring Campaign Starts!,2021-04-14
[Results!] March Screenshot Contest,2021-04-14
Celebration Dance Gacha,2021-04-13
[4/8 Update]New Event "Cherry Blossom Festival ～Part 1～" Starts!,2021-04-07
Try every day! Spring Gift is now available for free,2021-04-07
School Uniform Gacha,2021-04-07
Attention Beginners! Support Campaign [Limited to Starters]!,2021-04-07
Step-up style "SP Novice Weapon Gacha" now available!,2021-04-07
Step-up style "SP Novice Armor Gacha" now available!,2021-04-07
Beginner Couple Drive Gacha,2021-04-07
Beginner Legendary Fest Gacha,2021-04-07
Cute "Animal Ear Pack" Now Available!,2021-04-06
Oni Kagura Gacha,2021-04-05
Lv140 UR Weapon Tix,2021-04-01
Lv140 UR Head Tix,2021-04-01
Lv140 UR Top Tix,2021-04-01
Lv140 UR Bottoms Tix,2021-04-01
1 vs 1 Card Battle "Alchemia Cards"!,2021-04-01
"Spring Support Login Bonus" Starts!,2021-04-01
Hortensia Marriage Gacha available again!,2021-03-29
April 2021 Calendar Wallpaper!,2021-03-25
New Event "Prince of the Nightmare Castle ～Part 2～" Starts!,2021-03-24
Soul Eater of Darkness Gacha,2021-03-19
"D Burst Gacha" now available!,2021-03-18
Issue with Core information in Gear Sets,2021-03-18
【3/17 18:30 Edit】Double Drop Chance & No Tix For Selected Area Bosses!,2021-03-17
Results! Screenshot Contest!,2021-03-16
Get Max Limit Break Lv 100 Weapon from 11 draws! 9 types of Pickup Weapon Gacha now available!,2021-03-16
White costumes! White Day (Avatar) Gacha is here!,2021-03-14
Special price! White Day (Weapon) Gacha is here!,2021-03-14
Head Gear! "Masquerade Gacha" Starts!,2021-03-11
Enhance Gear Performance! "Rune Gacha" Starts!,2021-03-11
[3/11 Edit] New Event "Prince of the Nightmare Castle ～Part 1～" Starts!,2021-03-11
"Prince of the Nightmare Castle" Event "Support Pack" Now Available!,2021-03-10
"Monthly Pack" Renewal,2021-03-10
UR Charm Lucky Bag Gacha,2021-03-08
Special price!  "Winter Wear Gacha" Now Available!,2021-03-08
"Luxurious Alchemia Pack"  now available!,2021-03-05
Charming Bunny Suit Gacha,2021-03-05
Renewal of Items for Beginners,2021-03-03
Max Limit Break & LV 120 Gear jackpot! "SP Weapon Fair" starts!,2021-02-26
Special Login Bonus for a Limited Period!,2021-02-26
Legendary Fest Gacha Including Limited LR Weapons Now Available!,2021-02-24
[Update 2021/2/26]New Event "Lil Rabber in Wonderland ～Part 2～" Starts!,2021-02-24
10 Types of Lv 100 Gear Present Campaign!,2021-02-24
Idea Series,2021-02-24
March 2021 Calendar Wallpaper!,2021-02-24
Song of Divine Birds Gacha,2021-02-23
Fancy (Weapon) Gacha Now Available!,2021-02-22
Challenging the Seas Gacha,2021-02-22
Get UR Set! Meow Meow Gacha 2021,2021-02-22
Blue Core Selection Gacha,2021-02-20
Yellow Core Selection Gacha,2021-02-20
Red Core Selection Gacha,2021-02-18
Green Core Selection Gacha,2021-02-18
Avatar & Gear Set Slots Now Available!,2021-02-17
"Comeback Campaign" now starts!,2021-02-17
[2/17 Update] "Alchemia at Home" Campaign starts!,2021-02-17
New Event "Lil Rabber in Wonderland ～Part 1～" Starts!,2021-02-10
【2/10 Update】Step-Up Style "Valentine Special Gacha" Now Available!,2021-02-10
Swan Ballerina Gacha,2021-02-08
Heart Labyrinth Gacha,2021-02-05
Max Limit Break & LV 120 Gear jackpot! "Weapon Fair" starts!,2021-02-04
Step-Up Style "Setsubun Gacha" Is Here!,2021-02-03
[2/3 Update]"Alchemia at Home" Campaign,2021-02-03
High Core Lv 7 Added!! "New Grande Gahca" Now Available!,2021-02-02
February 2021 Calendar Wallpaper!,2021-01-29
Get Area Boss Tickets!? "Treasure Bottle (AB)" Now Available!,2021-01-28
New Event "Rumble Death Match ～Part 2～" Starts!,2021-01-27
[Winning Number Announcement!]"New Year Lotto"Result！,2021-01-26
Demon Gacha,2021-01-25
Challenging the Seas Gacha,2021-01-22
"Journey Charm Gacha"!,2021-01-21
Shepherd Gacha,2021-01-18
New Event "Rumble Death Match" Starts!,2021-01-13
Minion Knight Gacha Tix,2021-01-13
Get Lv140 Gear! "Selected Avatars Gacha" is here!,2021-01-09
Crimson Super Star Gacha,2021-01-08
[1/7 18:00 Update(JST)]Limited "Fortune Lots Gacha" Now Available!,2021-01-07
[Revival!] Event "Invading Yuamis!" Starts!,2021-01-06
New Year’s Holiday Campaign Pt 3 Starts!,2021-01-03
Increased rate! Gacha including 3 male NPC avatars now available!,2021-01-02
Increased rate! Gacha including 3 female NPC avatars now available!,2021-01-02
New Year’s Holiday Campaign Pt 2,2021-01-01
"Lucky Bags" Now Available!,2021-01-01
Happy New Year!,2021-01-01
Couple Drive Gacha Starts!,2020-12-30
Notice: Temporary disconnection,2020-12-29
End Of The Year Gacha,2020-12-29
January 2021 Calendar Wallpaper!,2020-12-28
New special color added! Innocent Puppet Gacha available again!,2020-12-26
Merry Christmas! Presents for Everyone!,2020-12-25
L Fest LR Gacha Tix,2020-12-24
New Mount Added! Couple Drive Fes Starts!,2020-12-23
New Special Color Added! "White Night Gacha" Now Available!,2020-12-23
New special color added! Church Meadow Gacha available again!,2020-12-22
Charming Fairy Gacha,2020-12-21
[12/21Edit] Notice for Bugs in Team VS Battle,2020-12-21
Monsters and Devils Gacha,2020-12-20
Midnight Summer Gacha,2020-12-19
Flashing Hyperion Gacha,2020-12-18
One-Time Party Bug,2020-12-18
New Mount "Floating Magic" Rate UP! Couple Drive Gacha Starts!,2020-12-16
Presents For Everyone! Beginner Support Campaign Starts!,2020-12-16
New special color added! "Natural Beauty Peach Festival! Gacha" now available!,2020-12-14
New Event "Visitors from the Stars" Starts!,2020-12-09
Fluffy Gacha,2020-12-09
[12/9 Update]Free 10x Gacha Now Available!,2020-12-09
Red Fairy-Tale Gacha Tix,2020-12-09
Try every day! 3 Anniv Gift is now available for free,2020-12-02
Pretty Nurse Gacha,2020-12-02
3rd Anniversary Event Guide【Update：2020/12/2】,2020-12-02
Results! 3rd Anniversary Screenshot Contest!,2020-12-01
2 types of "Monthly Packs" available once a month!,2020-12-01
Happy Birthday! [1130 Gem] Present!,2020-11-30
3rd Anniversary! "Special Pack" Now Available!,2020-11-29
Step-Up Style "3rd Anniversary Special Gacha" Is Here!,2020-11-27
Limited event "Urban Scramble～Part 2～" Starts!,2020-11-25
3rd Anniversary Event Part 3! (11/25～),2020-11-25
Train with Legendary Items! "Legendary Lucky Bag Gacha" Starts!,2020-11-25
Master My Lady Gacha Tix,2020-11-25
White Fairy Gacha Tix,2020-11-25
Oniyasha Gacha Tix,2020-11-25
Cat Pajama Gacha Tix,2020-11-25
2 types of our new special "Alchemia Avatar Set Gacha2020" are here!,2020-11-24
3rd Anniversary Event Part 2! (11/18～),2020-11-18
Special "Upgrade Gacha" Campaign Starts!,2020-11-18
Mix and match! Accessory Paradise Gacha starts!,2020-11-18
Couple Drive Fes Tix,2020-11-18
3rd Anniversary! Bonus Gem Campaign Starts!,2020-11-16
Contest Winner Design! "Couple Drive Fes" Starts!,2020-11-16
"3rd Anniversary! Once a day Free x10 Gacha" Starts!,2020-11-13
3rd Anniversary Login Bonus Bug,2020-11-12
A Bug With Avatar Set Feature,2020-11-12
Berry Charming Gacha,2020-11-12
New Event "Urban Scramble～Part 1～" Starts!,2020-11-11
3rd Anniversary Event Part 1! (11/11～),2020-11-11
Get Anniversary Coins! "3rd Anniversary Campaign Gacha" Is Here!,2020-11-11
Try Monthly Courses For Free!,2020-11-11
"Urban Scramble" Event "Support Pack" Now Available!,2020-11-11
"Comeback Campaign" now starts!,2020-11-11
Come Back, Friends! Campaign Starts!,2020-11-11
Battle Ronin Gacha Tix,2020-11-11
Light Armor Gacha Tix,2020-11-11
Heavenly Dance Gacha Tix,2020-11-11
Easter Hunt Gacha Tix,2020-11-11
L Fest Gacha Tix,2020-11-11
Fox God Gacha Tix,2020-11-11
Fight for Freedom Gacha Tix,2020-11-11
Get Rare Cores! "Core Boost Gacha" now available!,2020-11-10
Get Lv140 Gear! "Selected Avatars Gacha" is here!,2020-11-10
UR rate 40%!! Journey Charm Gacha,2020-11-09
November Festival Gacha,2020-11-08
Couple Driving Fair,2020-11-07
"Urban Elegance Gacha" with Elemental Defense Ability Is Here!,2020-11-06
High Core Lv 5 Added!!"New Grande Gacha",2020-11-03
Get Lv 140 UR Set!! "Grand Avatar Set Gacha" Now Available!,2020-11-03
A collection of rare wings! "Wing Gacha" now available!,2020-11-02
Bonus Gem Campaign Starts!,2020-11-01
Notice: Temporary disconnection,2020-10-29
Limited Event "Evil Hallow-chan Returns～Part 2～" Starts!,2020-10-28
Includes "[Low] Rune Potion"!"Alchemia Pack" now available!,2020-10-27
Limited to 3 days! Once a day only "Miracle Avatar Gacha" is here!,2020-10-24
Spider Puppet Gacha,2020-10-23
[Results!] Let's Catch Crabs! "Fishing Contest"!,2020-10-21
【10/21 Update】【Couple Drive Gacha Tix　（7 Draws）】,2020-10-21
【10/21 Update】【Couple Drive Gacha Tix+　（10 Draws）】,2020-10-21
Step-Up Style "Slashing Darkness Gacha"!,2020-10-20
Slashing Darkness Gacha,2020-10-20
Localization Survey,2020-10-16
New Event "Evil Hallow-chan Returns～Part 1～" Starts!,2020-10-14
Get 500 Gems! Halloween Login Bonus!,2020-10-14
Warrior Hunter Gacha Tix,2020-10-14
Notice for App Version 1.0.79,2020-10-12
Violations,2020-10-09
Illustration Contest Winner Results!,2020-10-08
Comes with 4 Slots! "Holy Eques Gacha" now available!,2020-10-08
Enhancement Success x3 Campaign!,2020-10-07
Master Drill Rate x5 & Rune Potion Added! "Upgrade Gacha" Starts!!,2020-10-07
Bushido Gacha,2020-10-05
Get Miracle Drops! Limited Couple Drive EX Gacha!,2020-10-03
Tradeable "Gift Box" now available!,2020-10-02
[9/30 21:00(JST) Edit]About Connection Failure,2020-09-30
"Water Weapon Gacha" Now Available!,2020-09-30
Notice for App Version 1.0.78,2020-09-29
L Fest x10 Gacha Tix,2020-09-27
L Fest x10 Gacha Tix Present for Everyone!,2020-09-27
500 Gems Present for Catching Nekosuke!,2020-09-26
4 types of "Master Pack" now available!,2020-09-25
Tiger Lily Gacha,2020-09-23
Flowing Kung-Fu Gacha,2020-09-23
Double chance campaign for selected Area Boss drops!,2020-09-23
"Autumn Pack" now on sale!,2020-09-19
Limited event "Fun Cultural Festival～Part 2～" Starts!,2020-09-16
『Fire Squad Gacha』,2020-09-16
Double chance campaign for selected Area Boss drops!,2020-09-16
Pending payment for monthly course subscriptions (for Android users),2020-09-16
Tradeable "Gift Box" now available!,2020-09-09
Spiritual Shaman Gacha Tix,2020-09-09
Get Lv140 Gear! "Selected Avatars Gacha" is here!,2020-09-05
Get great items! "Early Autumn Festival Gacha",2020-09-04
Find the weakness! "Monster Clown Gacha" with Elemental Weapons!,2020-09-04
"Alchemia Summer Lottery"Result！,2020-09-04
[9/3 Update]Limited-time Event "Fun Cultural Festival～Part 1～" Starts!,2020-09-03
Special price!"Conquer all! Mamono Club Gacha" is now available!,2020-09-02
How to Vote in the Illustration Contest,2020-09-02
Accessory Collection Gacha,2020-08-30
Madness Order Gacha,2020-08-29
UR rate 20%!! Journey Charm Gacha,2020-08-28
"Alchemia Pack" now available!,2020-08-27
【Complete】One Time Party Bug,2020-08-27
August 26 update details!,2020-08-26
Once a Day! Limited Summer Support Pack Now Available!,2020-08-26
[8/25 Update]1000 Days Anniversary!,2020-08-25
1000 Days Anniversary!Anniversary Present & Retweet Campaign!,2020-08-25
Eternal Gothic Doll Gacha,2020-08-21
Limited to 3 days! Once a day only "Miracle Avatar Gacha" is here!,2020-08-20
Limited event "Night School Ghost Hunters～Part 2～" Starts!,2020-08-19
[8/19(JST)Update]Couple Drive Gacha,2020-08-19
Notice for App Version1.0.74,2020-08-18
Implementing "Ultra-Precise Slot Drill"! Lv7 Core Added!"Upgrade Gacha"!,2020-08-16
[Part 2] Beat the Summer! Summer Campaign Starts!,2020-08-12
Innocent Puppet Gacha Tix,2020-08-12
【2020/8/6Update】Limited-time Event "Night School Ghost Hunters～Part 1～" Starts!,2020-08-05
[Part 1] Beat the Summer! Summer Campaign Starts!,2020-08-05
Increased rate for New Mount:DIY Box Car! "Couple Drive Gacha" now available!,2020-08-05
Summer Campaign Gacha Tix,2020-08-05
Make a Fortune with "Treasure Bottle" !,2020-08-01
Oniyasha of the Underworld Gacha,2020-07-31
Zodiac & Saint Prime Weapons! "Staff Gacha" is here!,2020-07-30
Notice: Temporary disconnection,2020-07-29
Get Lv 140 UR Set!! "Grand Avatar Set Gacha" Now Available!,2020-07-23
Limited event "Oasis of Learning～Part 2～" Starts!,2020-07-22
4 Types of "Enhance Sword Pack" including 60 Enhance Sword-R5 are here!,2020-07-22
Limited Housing Item "Beach House" is Now Available!,2020-07-22
【Doubled rate for Chrome Emperor!】"Couple Drive Fes" Starts!,2020-07-19
New Spring Avatar Pack" is back!,2020-07-16
UR Charm Lucky Bag Gacha,2020-07-13
『Glorious Dragonewt Gacha』,2020-07-10
Free 10x Gacha Now Available!,2020-07-10
Special price!"Demon Claw Weapon",2020-07-09
[Fixed] Bug in Valley of the Wind 4F,2020-07-09
[7/10 Edit]【Open for Entries】"Illustration Contest" Starts!,2020-07-08
Limited-time Event "Oasis of Learning～Part 1～" Starts!,2020-07-08
Party Dungeon EXP x2! Summer Campaign Starts!,2020-07-08
Shark Panic Gacha,2020-07-08
Introducing Liz's Mystical Shop!,2020-07-08
Song of Divine BirdsTix,2020-07-08
Get great items! "Star Festival Gacha",2020-07-06
Noble Satan Gacha,2020-07-03
Fire Resistant UR! "Summer Fever Gacha" Now Available!,2020-06-30
2 types of our new special "Alchemia Avatar Set Gacha" are here!,2020-06-29
"Wind　Weapon Gacha" now available!,2020-06-27
Limited Event "Battle Colosseum Festival～Part 2～" Starts!,2020-06-24
"Water Weapon Gacha" Now Available!,2020-06-24
About Lavi's Lottery Shop,2020-06-24
Winner Results! Avatar Design Contest Pt. 2!,2020-06-22
[6/18 20:10 Update] Bugs in some Quests,2020-06-18
[6/18 10:50 Update] Rank 3 Job Quest Bug,2020-06-18
Welcome Back [Weapon] Gacha,2020-06-17
Welcome Back [Accessory] Gacha,2020-06-17
Welcome Back [Armor] Gacha,2020-06-17
New Grande Gacha,2020-06-15
Special "Upgrade Gacha" with 40% UR Winning Rate Now Available!,2020-06-14
Magical Tiny Star Gacha,2020-06-12
【6/12 10:00(JST) Update】[END]Login Error,2020-06-12
New Event "Battle Colosseum Festival～Part 1～" Starts!,2020-06-10
About Fishing,2020-06-10
About Treasure Hunt,2020-06-10
Challenging the Seas Gacha Tix,2020-06-10
Shelter from the Rain Gacha,2020-06-07
"Plumeria Marriage Gacha" starts!,2020-06-05
Unlimited fights! "No Tickets Needed Area Boss Campaign!" Starts!,2020-06-03
"City Police Gacha" starts!,2020-05-31
Win a High Core! "HAnniversaryP" is here!,2020-05-30
Get 5 UR items!! "2nd Release Anniversary [Avatar] Gacha" Starts!,2020-05-29
Get 5 UR items!! "2nd Release Anniversary [Weapon] Gacha" Starts!,2020-05-29
[Issue Fixed]Notice: Temporary disconnection,2020-05-28
New Limited Event "Mamono Wars～Part 2～" Starts!,2020-05-27
NPC Avatar Gacha (Rikuru & Shou) now available!,2020-05-27
Journey Charm Gacha,2020-05-27
[5/27 Update]"Alchemia at Home" Campaign starts!,2020-05-27
2nd Release Anniversary Login Bonus Campaign!,2020-05-27
Designers3(B) Tix,2020-05-27
Designers3(G) Tix,2020-05-27
Male NPC Selection Gacha,2020-05-23
Female NPC Selection Gacha,2020-05-23
[Round 2 selection starts!] Avatar Design Contest Pt.2 Round 1 winner results!  Round 2 starts!,2020-05-20
"Stormy Demon Bow Gacha" starts!,2020-05-15
【5/15 Update】New Event "Mamono Wars～Part 1～" Starts!,2020-05-15
Hot Seaside Gacha Tix,2020-05-13
"Battle Ronin Gacha" starts!,2020-05-08
Get great items! "May Festival Gacha",2020-05-05
Once a Day! Limited GW Support Pack Now Available!,2020-05-02
"Wolf Armor Gacha" starts!,2020-04-30
Kingdom Costume「Step Up Gacha」,2020-04-29
Sacred Mind Gacha,2020-04-28
Another Color Gacha,2020-04-26
"Trendy Pop Culture Gacha" with a Damage Limit+ Ability is now available!,2020-04-24
Limited event "Egg's Mystery～Part 2～" Starts!,2020-04-22
How about a cute tail? "Tail Collection Gacha" is here!,2020-04-22
"Fantastic Academy Gacha" starts!,2020-04-18
Spring 2020 Accessory Gacha Tix,2020-04-16
【Results!】IT'S MY LIFE Collab Housing Screenshot Contest!,2020-04-16
Status of Operations Concerning the Spread of Novel Coronavirus,2020-04-14
Achieve real power! "Limit Break Pack" now available!,2020-04-13
Avatar Dream Gacha,2020-04-13
Stylish Append Gacha Ver.2,2020-04-12
Stylish Append Gacha Ver.3,2020-04-12
Stylish Append Gacha,2020-04-09
Limited Event "Egg's Mystery～Part 1～" Starts!,2020-04-08
【4/9Update】Change Your Look! "Mount Skin Pack" Now Available!,2020-04-08
Battle on Board Gacha Tix,2020-04-08
New area boss added! April 2 update details!,2020-04-02
Akashic Weapon Resonance,2020-04-02
Target Mamonos in Resonance Quests,2020-04-02
Fallen Traitor Gacha Tix,2020-04-02
New Event "April Fool's Day" Starts!,2020-04-01
"Easter Hunt Gacha" starts!,2020-03-31
Bob＆Pick Step Up Gacha,2020-03-29
[Issue Fixed]Bugs in the Casino Slots,2020-03-26
[Issue Fixed]Notice: Temporary disconnection,2020-03-25
New Event "I'm grateful to have you～Part 2～" Starts!,2020-03-25
"-Deathly Revelation- Grim Reaper Gacha" starts!,2020-03-25
【3/24Update】New necklace added to "Journey Charm Gacha"!,2020-03-23
Ultra-Precise Slot Drill rate x5! Upgrade Gacha!!,2020-03-22
Notice: Temporary disconnection,2020-03-19
" Free 10x Gacha" including Master Slot Drill Now Available!,2020-03-19
Step-up style "Staff Gacha" is here!,2020-03-18
Lily Bride Gacha,2020-03-16
[First time only discount]Song of Divine Birds Gacha,2020-03-14
500 Gems Present! White Day Campaign starts!,2020-03-14
"Dark Night’s Raven Gacha" starts!,2020-03-13
New Event "I'm grateful to have you～Part 1～" Starts!,2020-03-11
The collab event, "Making My Sweet Home" is here!!,2020-03-11
"IT'S MY LIFE Collaboration Gacha"!!,2020-03-11
[Revival!] "IT'S MY LIFE" x Alchemia Story collaboration starts!!,2020-03-11
Efficiency UP! White Day Campaign starts!,2020-03-11
Limited! "Zen Garden" Housing Items now available!,2020-03-11
"New Event Screenshot Contest" Results!,2020-03-09
Warm Winter Gacha,2020-03-07
Avatar Dream Gacha,2020-03-07
Lv100URWeapon Gacha Tix,2020-03-06
[3/4 18:00 Update]  Notice for maintenance [End],2020-03-04
Get great items! "Early Spring Festival Gacha",2020-03-03
Notice for App Version1.0.62,2020-03-03
"Heavenly Dance Gacha" starts!,2020-02-29
"February Set" now available!,2020-02-28
Notice: Temporary disconnection,2020-02-27
February 26 update details!,2020-02-26
New Limited Event "Chocomi's Season～Part 2～" Starts!,2020-02-26
"Medicine Set" now available!,2020-02-26
7 types of "Core Pack" now available!,2020-02-26
Beautiful Muscles☆Muscular Body☆Gacha,2020-02-25
Wonderland Seeker Gacha,2020-02-23
"Couple Driving Fair" Starts!,2020-02-23
Special Login Bonus!,2020-02-22
"Light Armor Gacha" starts!,2020-02-21
50% Off! "Selected Weapons Gacha" is here!,2020-02-20
[2/19(JST)Update]Couple Drive Gacha,2020-02-19
[Issue Fixed]Bug in One-time Parties and Group Battles,2020-02-17
"Assorted NPC Gacha!",2020-02-16
Added special weapons for area bosses."Weapon Gain Gacha",2020-02-15
Added special weapons for area bosses."Weapon Gain ⅡGacha",2020-02-15
Sweet Service Gacha,2020-02-14
【2/14(JST)Update】Sacred Mind Gacha,2020-02-14
New Limited Event "Chocomi's Season～Part 1～" Starts!,2020-02-12
[2/12 18:00 Update]  Notice for maintenance [End],2020-02-12
"Philosopher's Egg" Gacha filled with useful items is here!,2020-02-09
"Thermal Rabber Gacha!",2020-02-06
Western Style Armor Gacha,2020-02-06
New Limited Event "Marlo Pleasant Park Opening～Part 2～" Starts!,2020-02-05
Sweet Murder Chocolate Gacha,2020-02-04
Journey Charm Gacha,2020-02-02
Noble Satan Gacha Tix,2020-02-02
"Burst Gacha" now available!,2020-02-01
Introducing the 3rd Place Item from the Design Contest Girl’s Division!,2020-01-31
Mix and match! Accessory Paradise Gacha starts!,2020-01-29
Get UR x11! "Bow Gacha" starts!,2020-01-29
"Comeback Campaign" now starts!,2020-01-29
"January Set" now available!,2020-01-28
[Issue Fixed]Bug in the Daily Quest "Use alchemy",2020-01-23
War of the Spirits Gacha,2020-01-22
Aim for Critical Hits!,2020-01-22
Spring Festival Gacha,2020-01-21
Notice for App Version1.0.58,2020-01-20
Get SR and above! Special "Journey Charm Gacha" Starts,2020-01-20
Dust Cloud Gacha,2020-01-19
"New Year Lotto"Result！,2020-01-16
50% Off! "Selected Weapons Gacha" is here!,2020-01-16
New Event "Marlo Pleasant Park Opening～Part 1～" Starts!,2020-01-15
4 Element"Weapon Gacha" now available!,2020-01-15
Minion Knight Gacha,2020-01-13
Traces in the Snow Gacha,2020-01-10
Cats of the Mountain Shrine Gacha,2020-01-09
【1/15 18:00 Update】New Year’s Holiday Campaign Pt 3 Starts!,2020-01-08
Discount campaign  for "Winter is Coming Gacha" now available!,2020-01-08
Loyal Hollyhock Gacha Tix,2020-01-08
Gleaming Flash Gacha Tix,2020-01-08
How to collect Fluffy Cotton,2020-01-08
How to collect Millennial Wood,Clacking Brick,2020-01-08
How to collect Arcus Stone,2020-01-08
New Year’s Holiday Campaign Pt 2,2020-01-01
Lucky New Year! 2 types of "Limited Lucky Bag Gacha" are here!,2020-01-01
New Limited Event "Oomikami’s Arrival" Starts!,2020-01-01
Happy New Year!,2020-01-01
Blessed Emperor Gacha,2019-12-31
End of Year Gacha Tix Box,2019-12-28
Miracle Drops Winning rates boosted!「SP Couple Drive Gacha」,2019-12-28
Reasonable Total Payment Campaign now in session!,2019-12-27
10 "Once a day Paid Gachas" are back!,2019-12-26
New Year’s Holiday Campaign Pt 1,2019-12-25
"Couple Drive Fes" Starts!,2019-12-25
"Comeback Campaign" now starts!,2019-12-25
A Surprise on a Holy Night! Limited Christmas Packs are here!,2019-12-24
Assorted NPCs Gacha,2019-12-23
Animal Gacha,2019-12-22
Holy Messenger Gacha,2019-12-20
50% Off! "Selected Weapons Gacha" is here!,2019-12-19
christmas Event "Support Pack" Now Available!,2019-12-18
Notice for maintenance,2019-12-18
【12/18　12:00(JST)Update】Noble Satan Gacha,2019-12-17
Adoramus Priest Gacha Tix,2019-12-17
Rose Scented Tea Party Gacha Tix,2019-12-17
Soul Carnival Gacha Tix,2019-12-17
Shine! Spotlight Gacha tix,2019-12-17
Starlight Holy Night Gacha,2019-12-16
Armor Set Added!『Little help for Holy Night Gacha』,2019-12-16
Reindeer Pack,2019-12-14
Step-up style "White Night Gacha" starts!,2019-12-13
"White Night Gacha" starts!,2019-12-13
We're moving our head office,2019-12-13
One-Time Party Issue,2019-12-12
Added special weapons for Jobs! December 11 update details!,2019-12-11
New Limited Event "Claus' Present Panic" Starts!,2019-12-11
Wonderland Seeker Gacha Tix,2019-12-11
Promise of Perle Printemps Gacha Tix,2019-12-11
Akashic Weapons,2019-12-11
Akashic Weapon Evolution and Abilities,2019-12-11
Akashic Weapon Ability Re-roll,2019-12-11
Where to get materials for Akashic Weapons? (Rarity N→R),2019-12-11
Where to get materials for Akashic Weapons? (Rarity R→SR),2019-12-11
Where to get materials for Akashic Weapons? (Rarity SR→UR),2019-12-11
Alchemia Designers SeriesⅡ (Girl) Gacha Tix,2019-12-10
Alchemia Designers SeriesⅡ(Boy) Gacha Tix,2019-12-10
Lily Bride Gacha Tix,2019-12-10
2017 X’mas Weapon Gacha,2019-12-07
Alchemia Story's first "Mount Design Contest" Results!,2019-12-05
Notice: Temporary disconnection,2019-12-04
Increased rate for New Mount:DIY Box Car! "Couple Drive Gacha" now available!,2019-12-04
Enhance your equipment! "Upgrade Gacha" is here!!,2019-12-04
Shine! Spotlight Gacha【12/3 19:50 (JST) Update】,2019-11-30
Birthday [1130 Pack] Now Available!,2019-11-30
Could purchase Weapon Fair Gacha before its official release,2019-11-29
Black Friday Sale Starts!,2019-11-29
20% Off! [Black Friday Sp Price!] "Lily Bride Gacha",2019-11-29
66% Off! [Black Friday Sp Price!] 4 types of "Master Pack" now available!,2019-11-29
80% Off! [Black Friday Sp Price!] "Potato" Sale,2019-11-29
New Limited Event "2nd Anniversary party!?～Party～" Starts!,2019-11-27
Ena＆Mana「Step Up Gacha」,2019-11-27
2nd Anniversary! Super Luxurious "Anniversary Pack [SP]" is here!,2019-11-27
Black Friday "Bag Slot Expansion" Sale !,2019-11-27
About Jukebox,2019-11-27
2st Anniversary Log-in Bonus!,2019-11-27
【11/27(JST) update】2nd Anniversary Movie Contest!,2019-11-27
About Connection Failure,2019-11-26
Avatar Dream Gacha,2019-11-23
Assorted NPCs Gacha,2019-11-23
2nd Anniversary Limited-time-only! Single Payment Campaign now open!,2019-11-22
2 New Mounts are here! "Couple Drive Fes" Starts!,2019-11-22
3 Days Added! "2nd Anniversary! Once a day Free x10 Gacha" Starts!,2019-11-22
Step-up style "SP Novice Weapon Gacha" now available!,2019-11-20
Step-up style "SP Novice Armor Gacha" now available!,2019-11-20
[11/18(JST) Update] Finished sales for 2 types of "Beginner Gacha",2019-11-18
"Couple Driving Fair" Starts!,2019-11-16
Soul Carnival Gacha,2019-11-15
2nd Anniversary　Reasonable Total Payment Campaign now in session!,2019-11-15
RT to Extend Free Gacha Period! 2nd Anniversary Retweet Campaign Starts!,2019-11-14
New Limited Event "2nd Anniversary party!?～Preparation～" Starts!,2019-11-13
2nd Anniversary! "Anniversary Pack" now available!,2019-11-13
Almost 2nd Anniversary Log-in Bonus!,2019-11-13
Localization Survey,2019-11-13
Sage Patriot Gacha Tix,2019-11-13
【LB A-Boss Wp Gacha Tix】,2019-11-13
[11/14 16:15 (JST) Update]Rose Scented Tea Party Gacha,2019-11-08
Luxury Potato Effect Adjustment,2019-11-06
Water Element"Weapon Gacha" now available!,2019-11-01
Fight for Freedom Gacha,2019-10-31
[10/31 18:30 Update] October 23 update details!,2019-10-31
New Limited Event "Evil Hallow-chan’s Ambition～Revenge～" Starts!,2019-10-30
Wind Element"Weapon Gacha" now available!,2019-10-30
Max Limit Break & LV 120 Gear jackpot! "Weapon Fair" starts!,2019-10-28
"October Set" now available!,2019-10-27
Data Update Report,2019-10-21
"Alchemia Designer Series (Boy)",2019-10-19
"Alchemia Designer Series (Girl)"!,2019-10-19
Little Magician Gacha,2019-10-18
[11/14 16:10 (JST) Update]Alchemia Story's first "Mount Design Contest" has started!,2019-10-17
New Limited Event "Evil Hallow-chan’s Ambition～Birth～" Starts!,2019-10-16
Increased rate for New Mount: Witch Broom! "Couple Drive Gacha" now available!,2019-10-16
Train with Legendary Items! "Legendary Lucky Bag Gacha" Starts!,2019-10-16
Earth Weapon Gacha,2019-10-16
Limited Luxury Potato Sale & Potato Sale campaign released!,2019-10-16
Adoramus Priest Gacha,2019-10-11
October 9 update details!,2019-10-09
Achieve real power! "Limit Break Pack" now available!,2019-10-09
"Trick or Treat!!" now available!,2019-10-09
"Motherly Evil Gacha" now available!,2019-10-09
Expansion items are now on time-sale!,2019-10-09
"Comeback Campaign" now starts!,2019-10-09
[10/9 18:00 Update]  Notice for maintenance [End],2019-10-09
About Dowsing / Treasure Hunt,2019-10-09
Mission of Duat Gacha Tix,2019-10-09
Sewing Illusion Gacha Tix,2019-10-09
Wandering Rescue Doctor Gacha,2019-10-04
Limited Event "Tsukimi! Fall Festivities!～Moon Viewing～" Starts!,2019-10-02
Limited-time-only! Single Payment Campaign now open!,2019-10-01
Secret Agent Gacha,2019-09-30
"September Set" now available!,2019-09-28
Limited collaboration event with Asobimo's popular MMORPG "Toram Online" Starts!,2019-09-25
Limited-time-only! Single Payment Campaign now open!,2019-09-25
"Couple Driving Fair" Starts!,2019-09-25
Get Special Login Bonus! Celebrating our Collaboration with Toram Online!,2019-09-25
"Moonlight Gnosis Gacha" now available!,2019-09-22
Drill Winning Rate 5x! Lv6 Core Added!"Upgrade Gacha"!,2019-09-20
Marching Gerumi Band Gacha,2019-09-20
Pickup Gacha for each weapon type now available! (8 types!),2019-09-18
"Guiding Moonlight Gacha",2019-09-18
Limited Luxury Potato Sale & Potato Sale campaign released!,2019-09-18
[9/18 17:30 Update]  Notice for maintenance [End],2019-09-18
Elegance Gacha,2019-09-16
Red Fairy-Tale Gacha,2019-09-13
Increased rate for New Mount: Kitsune! "Couple Drive Gacha" now available!,2019-09-11
New Update on September 11!,2019-09-11
New Limited Event "Tsukimi! Fall Festivities!" ～Preparation～" Starts!,2019-09-11
Accessory Selection Gacha,2019-09-11
Special Login Bonus,2019-09-11
Expansion items are now on time-sale!,2019-09-11
"Lunar Harvest Gacha" now available!,2019-09-11
[9/11 18:00 Update]  Notice for maintenance [End],2019-09-11
Cats of the Mountain Shrin,2019-09-11
【9/11 Update】Notice for App Version1.0.51,2019-09-10
Animal 2 Gacha,2019-09-08
"Assorted NPC Gacha!",2019-09-07
UR Earrings and Necklaces Only! Special Edition of "Journey Charm Gacha" Starts!,2019-09-06
Limited Event "Become a Fishing Master" is Back!,2019-09-04
[Bait Set]now available!,2019-09-04
We would like to introduce a "Place changing function (tentative)" for accessories to be implemented soon!,2019-09-02
Win a complete UR Avatar set! " Avatar Dream Gacha" starts!,2019-09-01
Fox God Gacha,2019-08-31
"August Set" now available!,2019-08-29
Max Limit Break & LV 120 Gear jackpot! "Weapon Fair" starts!,2019-08-28
Login to Alchemia Story and get items! "Comeback Campaign" now starts!,2019-08-28
Warrior Hunter Gacha,2019-08-23
"Ponytail vs Pigtails Showdown!" Results Are Here!,2019-08-22
New Limited Event "Haunted Summer～Test of Courage～" Starts!,2019-08-21
Change Your Look! "Mount Skin Pack" Now Available!,2019-08-21
"Demon Kings Gacha" now available!,2019-08-15
Dress up Pack,2019-08-14
"Body Modification Project Gacha" now available!,2019-08-14
Expansion items are now on time-sale!,2019-08-14
[8/14 18:00 Update]  Notice for maintenance [End],2019-08-14
Sweet, Melty Temptation ♡ Gacha Tix,2019-08-14
Sweet Murder Chocolate Gacha Tix,2019-08-14
Celebration Dance Gacha,2019-08-12
"Dagger Gacha",2019-08-11
Sheep Avatar Set now available!,2019-08-10
Spiritual Shaman Gacha,2019-08-09
New Limited Event "Haunted Summer ～Investigation～" Starts!,2019-08-07
Special Login Bonus,2019-08-07
Yukata Set,2019-08-07
4 types of "Master Pack" now available!,2019-08-07
Body of Judgement Gacha,2019-08-02
Win a complete UR Avatar set! " Avatar Dream Gacha" starts!,2019-08-01
Innocent Puppet Gacha,2019-07-31
2-handed Sword Gacha,2019-07-31
Limited Luxury Potato Sale & Potato Sale campaign released!,2019-07-31
" Free 10x Gacha" including Master Slot Drill Now Available!,2019-07-28
We will improve the Friend feature to activate our community.,2019-07-27
2-handed Axe Gacha,2019-07-24
Song of Divine Birds Gacha,2019-07-19
Win a complete UR Avatar set! Special" Avatar Dream Gacha" starts!,2019-07-19
Event "Be a Winner! Beach Sports Tournament! ～Tournament～" Starts!,2019-07-17
How to play at Sp Training Site,2019-07-17
What is Mount?,2019-07-17
Once a day "Couple Drive Gacha",2019-07-17
Get on a Mount! "Couple Drive Gacha" Starts!,2019-07-17
How to play Numbers,2019-07-17
Mount Feature Celebration! Special Login Bonus,2019-07-17
Limited Luxury Potato Sale & Potato Sale campaign released!,2019-07-17
Berserk Invasion！,2019-07-13
Cat Avatar Set now available!,2019-07-13
Summer Weapon Gacha,2019-07-12
Mount Feature Coming Soon! Special Login Bonus,2019-07-10
Summer Avatar Gacha,2019-07-10
Valuable Summer Ice Set now available!,2019-07-10
Expansion items are now on time-sale!,2019-07-10
4 types of "Master Pack" now available!,2019-07-10
Login to Alchemia Story and get items! "Comeback Campaign" now starts!,2019-07-10
Hard Metal Fanatic Gacha Tix,2019-07-10
Increased rates for Rods！Star Fest Weapon Gacha now available!,2019-07-06
Challenging the Seas Gacha,2019-07-05
"Star Fest Pack" now available!,2019-07-03
[7/3 17:30 Update]  Notice for maintenance [End],2019-07-03
Hot Seaside Gacha,2019-06-30
"July Set" now available!,2019-06-29
【6/27 Update】Beach Sports Tournament,2019-06-26
Battle on Board Gacha,2019-06-21
Ethnic Gacha,2019-06-21
Bridal Event "Support Pack" Now Available!,2019-06-19
【Update 6/19 18:00(JST)】Connection issues,2019-06-19
【Update 6/19 18:00(JST)】Login Error,2019-06-19
Sweet Murder Chocolate Gacha,2019-06-16
Beautiful Angel Wings『Sweet, Melty Temptation ♡Gacha』,2019-06-15
Event "Happy ☆ Wedding ～Ceremony～" Starts!,2019-06-12
Expansion items are now on time-sale!,2019-06-12
Just Married Gacha now available!,2019-06-12
Celebration Dance Gacha Tix,2019-06-12
Beast Warrior Gacha Tix,2019-06-12
"Umbrella Pack" now on sale!,2019-06-10
4 types of "Master Pack" now available!,2019-06-10
「Enigma Gacha」,2019-06-02
Lily Bride Gacha,2019-05-31
Limited Event "Happy☆Wedding ～Preparation～" Starts!,2019-05-29
New Face Types!,2019-05-29
"June Set" now available!,2019-05-29
Mission of Duat Gacha,2019-05-24
Mamono-chan Miracle Set,2019-05-23
[5/22 Update] About Types of Gacha that Take Gacha Tickets,2019-05-22
[5/22 Update] Weapon Gacha,2019-05-22
4 types of "Master Pack" now available!,2019-05-20
Accessory Gacha,2019-05-19
Noble Satan Gacha,2019-05-17
Limited-time-only! Single Payment Campaign now open!,2019-05-17
Limited Event "Become a Fishing Master" Starts!,2019-05-15
Chemical Reaction Gacha,2019-05-15
Expansion items are now on time-sale!,2019-05-15
Little help for Holy Night Gacha Tix,2019-05-15
Starlight Holy Night Gacha Tix,2019-05-15
Journey Charm Gacha,2019-05-10
"Alsto Lotto"Result！,2019-05-09
Win a complete UR Avatar set! " Avatar Dream Gacha" starts!,2019-05-08
Drill Winning Rate 5x! "Upgrade Gacha"!,2019-05-08
Cats of the Mountain Shrine Gacha,2019-05-06
Gleaming Flash Gacha,2019-05-01
Loyal Hollyhock Gacha,2019-04-30
Max Limit Break & LV 120 Gear jackpot! "Weapon Fair" starts!,2019-04-29
"May Set" now available!,2019-04-28
Reasonable Total Payment Campaign now in session!,2019-04-26
Assorted NPC Gacha Tix,2019-04-26
New Area Boss Special Effect Free 10x Gacha.,2019-04-24
Limited Event "Enter Alchemia School! Opening",2019-04-24
Enter Alchemia School! Exam,2019-04-17
Here come the cool kids!Sage Patriot Gacha,2019-04-17
Event Support Set now on sale!,2019-04-17
4 types of "Master Pack" now available!,2019-04-17
Rank-up Pack,2019-04-17
[Important] Notice of Revised Terms of Use,2019-04-17
Wonderland Seeker Gacha,2019-04-12
5 million downloads campain!,2019-04-10
EX Hairstyle Pack,2019-04-10
Expansion items are now on time-sale!,2019-04-10
Beginner Pack、Stylish Beauty Pack,2019-04-10
Lv100 UR Avatar Gacha Tix,2019-04-10
Alchemia Designers Series(Boy) Tix,2019-04-10
Alchemia Designer Series (Girl) Tix,2019-04-10
SR Stylish Gacha Tix,2019-04-10
Become an Alsto expert! Alsto Quiz is back! !,2019-04-03
[4/3 18:00 Update]  Notice for maintenance [End],2019-04-02
Promise of Perle Printemps Gacha,2019-04-01
【7/17 Update】Casino Map "Gravy Amgen" opens,2019-04-01
How to join Roulette,2019-04-01
How to Join Blackjack,2019-04-01
Sage Patriot Gacha,2019-03-31
Rank 2 Wind Weapon Gacha,2019-03-30
"Monthly courses" now available!,2019-03-27
Spear Gacha,2019-03-27
Monthly courses,2019-03-27
Slot,2019-03-25
How to play GO GO Gerumi,2019-03-25
Win a complete UR Avatar set! " Avatar Dream Gacha" starts!,2019-03-24
New special color added!「Celebration Dance Gacha」！,2019-03-23
Magic Gacha,2019-03-22
4 types of "Master Pack" now available!,2019-03-20
Swimsuit Gacha now available!,2019-03-17
Yukata Set,2019-03-16
Mission of Duat Gacha,2019-03-15
"Warm and Cozy Gacha!",2019-03-14
Invading Yuamis!,2019-03-13
Floral Gacha,2019-03-13
Limited-time-only! Single Payment Campaign now open!,2019-03-13
Expansion items are now on time-sale!,2019-03-13
Upgrade Gacha Tix,2019-03-13
"Resort Look Gacha",2019-03-12
"Show off with Winter Mode Gacha!" now available!,2019-03-12
"Casual Style Gacha" now available!,2019-03-10
"Casual Fashion Gacha" now available!,2019-03-10
Only for beginners! 4 types of "Novice Avatar Set" now available!,2019-03-08
【3/8 14:00 Update】Notice: Temporary disconnection,2019-03-08
Regarding issues on "Team VS Battle",2019-03-04
Sewing Illusion Gacha,2019-03-04
"Staff Gacha",2019-02-28
"March Set" now available!,2019-02-28
What is the "Dresser" (Clothing Chest) Function?,2019-02-27
Double your winnings! Introducing the 5x Draw "Weapons Fair"!,2019-02-25
"Kitty Weapon Gacha" now available!,2019-02-22
Limited-time-only! Single Payment Campaign now open!,2019-02-22
LV100！Fire Element"Armor Gacha",2019-02-20
LV100！Earth Element"Armor Gacha",2019-02-20
Survival Wars! Gacha,2019-02-17
Search for true? love!,2019-02-13
Team VS Battle,2019-02-13
Journey Charm Gacha,2019-02-13
4 types of "Master Pack" now available!,2019-02-13
Rank 2 Water Weapon Gacha,2019-02-13
Expansion items are now on time-sale!,2019-02-13
[2/13 18:00 Update]  Notice for maintenance [End],2019-02-13
Professional Code Gacha Tix,2019-02-13
Imperial Masterpiecets tix,2019-02-13
"Knuckle Gacha",2019-02-10
Limited-time-only! Single Payment Campaign now open!,2019-02-08
Changes in in-game contents rewards,2019-02-05
Demon Claw Weapon,2019-02-03
Login to Alchemia Story and get items! "Comeback Campaign" now starts!,2019-02-01
Beautiful Angel Wings『Sweet, Melty Temptation ♡Gacha』,2019-01-31
YOLO Rice Cake Fest ~Opening~,2019-01-30
"2H Axe Pick-up Gacha" now available!,2019-01-30
[1/30 18:00 Update]  Notice for maintenance [End],2019-01-30
"Next Month Gacha",2019-01-30
Avatar Dream Gacha now opens!,2019-01-26
Limited-time-only! Single Payment Campaign now open!,2019-01-25
"Tropical Vacation Gacha" now available!,2019-01-23
"Moon Dance Gacha" now available!,2019-01-21
"Hard Metal Fanatic Gacha",2019-01-18
[Winning Number Announcement!]"New Year Lotto"Result！,2019-01-17
4 types of "Master Pack" now available!,2019-01-16
Expansion items are now on time-sale!,2019-01-16
Guiding Moonlight Gacha Tix,2019-01-16
"Moonlight Gnosis Gacha Tix",2019-01-16
【Re-Released】The 2019 Mysterious Lucky Bag！,2019-01-09
【Re-Released】"blueprint"set!,2019-01-09
Regarding issues on "Christmas Sale Break Out",2019-01-07
Limited-time-only! Single Payment Campaign now open!,2019-01-05
Beast Warrior Gacha,2019-01-02
"New Years Event"!,2019-01-01
Celebration Dance Gacha,2018-12-31
"New Year’s Set" now available!,2018-12-28
Adorable Fairy Tale Gacha now opens!,2018-12-26
Double your winnings! Introducing the 5x Draw "Weapons Fair"!,2018-12-24
Limited-time-only! Single Payment Campaign now open!,2018-12-21
Fight with your own fist! "Knuckle Gacha" available!,2018-12-21
Recoveries from malfunction,2018-12-21
The "IT'S MY LIFE" x Alchemia Story collaboration will start!!,2018-12-19
"IT'S MY LIFE Collaboration Gacha"!!,2018-12-19
The collab event, "Making My Sweet Home" is here!!,2018-12-19
Limited Luxury Potato Sale & Potato Sale campaign released!,2018-12-19
Expansion items are now on time-sale!,2018-12-19
[Body Modification Project Gacha Tix],2018-12-19
【Disposal of the Dead Tix】,2018-12-19
Login to Alchemia Story and get items! "Comeback Campaign" now starts!,2018-12-19
Starlight Holy Night Gacha,2018-12-17
4 types of "Master Pack" now available!,2018-12-17
Little help for Holy Night Gacha,2018-12-14
Christmas Event Support Set now on sale!,2018-12-14
Christmas Sale Break Out!,2018-12-12
J Weapon Gacha,2018-12-12
Limited-time-only! Single Payment Campaign now open!,2018-12-07
[update 12/5]Added Bonus! Introducing Armor Gacha![Limited],2018-12-05
【Re-Released】1st Anniversary! "Anniversary Pack" now available!,2018-12-02
1st Anniversary Free Gacha "Limitless Gacha" is now available!,2018-11-30
Event「Anniversary Party　～Party～」,2018-11-28
"Motherly Evil Gacha" now available!,2018-11-28
New designs to the "Professional Code Gacha",2018-11-28
"Motherly Evil Tix",2018-11-28
Dark Revelation Gacha,2018-11-26
New special color added! Kitty Gacha available again!,2018-11-23
Black Friday "Potato" Sale,2018-11-23
Equipment enhancement big success rate campaign now opens!,2018-11-23
[Character Avatar Gacha] Genius Boy/Innocent Girl!,2018-11-21
"Fallen Traitor Gacha" now available!,2018-11-16
4 types of Element Avatar Gachas are also available!,2018-11-14
[Tiger Lily Gacha Tix],2018-11-14
Four China Symbols Gacha,2018-11-14
Expansion items are now on time-sale!,2018-11-14
1st Anniversary! "Anniversary Pack" now available!,2018-11-14
Login to Alchemia Story and get items! "Comeback Campaign" now starts!,2018-11-14
Rassemblez Saluez Gacha！,2018-11-12
Noble Industry Gacha！,2018-11-12
Asobimo Day: Fishing Contest,2018-11-11
"Asobimo Day Celebration Campaign",2018-11-09
"Assorted NPC Gacha!",2018-11-09
"Fire Weapon Gacha" now available!,2018-11-09
"Wind Weapon Gacha" now available!,2018-11-09
Limited-time-only! Single Payment Campaign now open!,2018-11-09
New Area Boss Special Effect Free 10x Gacha.,2018-11-07
Almost 1st Anniversary Log-in Bonus!,2018-11-07
"Imperial Masterpiecets Gacha" now available!,2018-11-02
"Professional Code Gacha" now available!,2018-10-31
Double your winnings! Introducing the 5x Draw "Weapons Fair"!,2018-10-29
"Event Support Pack" now available!,2018-10-26
Limited-time-only! Single Payment Campaign Part 2 now open!,2018-10-26
"Burst Gacha" now available!,2018-10-26
"Wild Roar Gacha" now available!,2018-10-24
Event "Pumpkin Panic -Second half-" starts!,2018-10-24
Limited-time-only! Single Payment Campaign now open!,2018-10-24
Drill Winning Rate 2x! "Upgrade Gacha"!,2018-10-24
4 types of "Master Pack" now available!,2018-10-22
[Character Avatar Gacha] Masterpiece!,2018-10-19
[Limited] Added Bonus! Introducing Armor Gacha!,2018-10-19
"Trick or Treat!!" now available!,2018-10-17
[Lunar Harvest Gacha Tix],2018-10-17
Moon Dance Gacha Tix,2018-10-17
"Moonlight Gnosis Gacha" now available!,2018-10-15
[11/15 12:00 Update] "Guiding Moonlight Gacha" now available!,2018-10-12
Event "Pumpkin Panic -First Half-" starts!,2018-10-10
Expansion items are now on time-sale!,2018-10-10
Only for beginners!  "Welcome Gacha" now available!,2018-10-10
[Courage and Pretty Adventurer Gacha],2018-10-10
[Cook and Waitress Gacha],2018-10-10
[EffortsButler and Selfish Princess Gacha],2018-10-10
Mixed Style Gacha,2018-10-10
Questionnaire,2018-10-10
"Drill Set" now available!,2018-10-08
Furniture required for Layout all set now available!,2018-10-05
"Disposal of the Dead Gacha" now available!,2018-10-03
"Body Modification Project" now available!,2018-09-30
Double your winnings! Introducing the 5x Draw "Weapons Fair"!,2018-09-28
Login to Alchemia Story and get items! "Comeback Campaign" now starts!,2018-09-28
New hairstyles 4 types included in Beauty Set!,2018-09-26
Limited-time-only! Payment Bonus Campaign -Part 3- now open!,2018-09-26
"Earth Gacha" now available!,2018-09-26
Event "Apple Picking Festival" latter half starts!,2018-09-26
Equipment enhancement big success rate campaign now opens!,2018-09-26
About Avatar Fair Gacha's malfunction,2018-09-25
[Character Avatar Gacha] Professional Avatar!,2018-09-21
[Limited] Added Bonus! Introducing Armor Gacha!,2018-09-21
"Daily Free 10x Gacha"now available!,2018-09-20
"Four China Symbols" now available!,2018-09-19
Furniture required for Layout all set now  now available!,2018-09-19
"Burst Gacha" now available!,2018-09-19
Details for September 19 Update!!,2018-09-19
Limited-time-only! Payment Bonus Campaign -Part 2- now open!,2018-09-19
Firing Crystal,2018-09-19
Pyromance Gacha Ticket,2018-09-19
Tiger Lily Gacha,2018-09-17
Limited to the first 10,000 users! Get $5 worth of free ASOBI COIN campaign part 8!,2018-09-15
Limited-time-only! Payment Bonus Campaign now open!,2018-09-14
Announcing the new event "Apple Picking Festival" !,2018-09-12
"Master Weapon Set" now available!,2018-09-12
"Kitty Gacha" now available!,2018-09-12
Expansion items are now on time-sale!,2018-09-10
"Water Gacha" now available!,2018-09-10
Limited to the first 10,000 users! Get $5 worth of free ASOBI COIN campaign part 7!,2018-09-08
"Yummy! Campaign"  now in session!,2018-09-07
Special Log-in Bonus!,2018-09-06
Opening Raid Event! "Invading! Homunculus",2018-09-05
"Area Boss Advanced Set" now available!,2018-09-05
Drill Winning Rate 2x! "Upgrade Gacha"!,2018-09-05
[9/3 17:40 Update]Notice for 3-day-limited free Gacha,2018-09-03
Limited to the first 10,000 users! Get $5 worth of free ASOBI COIN campaign part 6!,2018-09-01
"New semester! Free Gacha" now available!,2018-09-01
Lunar Harvest Gacha,2018-08-31
7 days only! [Trick Horologium Gacha]!!,2018-08-29
Reasonable Total Payment Campaign now in session!,2018-08-29
Notice for End of Sale,2018-08-28
7 days only! [Church Meadow Gacha]!!,2018-08-27
Apology and notice for Total Payment Campaign,2018-08-27
Limited to the first 10,000 users! Get $5 worth of free ASOBI COIN campaign part 5!,2018-08-25
Double your winnings! Introducing the 5x Draw "Weapons Fair"!,2018-08-24
Announcement for Summer Festival Screenshot Contest winners!!,2018-08-23
6th Time's A Charm! "Area Boss Special Attack Weapon Gacha"!,2018-08-22
About the number of rate for getting the Gacha items,2018-08-22
Furniture required for Layout all set now  now available!,2018-08-22
[9/28 16:45 Update] Green Slot Items Added! "Upgrade Gacha"!!,2018-08-22
[Unicorn Gacha Ticket],2018-08-22
[Unicorn Accolade Ticket],2018-08-22
Limited to the first 20,000 users! Get free ASOBI COIN campaign part 4!,2018-08-18
With additional line-ups! "Daily Free 10x Gacha" is extended!,2018-08-17
[Limited] Added Bonus! Introducing Armor Gacha!,2018-08-17
[Character Avatar Gacha] Tropic Merchant!,2018-08-17
Notice for End of Sale,2018-08-17
[8/17 15:45 Edit] About Connection Failure,2018-08-15
Expansion items are now on time-sale!,2018-08-15
Only for beginners! "NoviceItemSet" now available!,2018-08-15
Login to Alchemia Story and get items! "Comeback Campaign" now starts!,2018-08-15
"Pyromance Candle Gacha" now available!,2018-08-13
Limited to the first 10,000 users! Get free ASOBI COIN campaign part 3!,2018-08-11
"Firing crystal of eternal light  Gacha" now available!,2018-08-10
Announcement of Interruptions to Game Play Due to Corrections,2018-08-10
[8/8 19:05(JST) Edit] About Connection Failure,2018-08-08
Announcing the new event "Watermelon of Love -Act 1-"!,2018-08-08
"Yukata Pack" now available!,2018-08-08
Avaliablue 1x Daily! "Payment Bonus Campaign" now in session!,2018-08-08
Get a UR item! "Daily Free 10x Gacha" now opens!,2018-08-08
Drill Set now available!,2018-08-06
Limited to the first 5000 users! Get free ASOBI COIN campaign part 2!,2018-08-04
Get an "Special Emotion" for 11x Spins! Friends at the Tropic Beach Gacha now available!,2018-08-03
Notice for End of Sale,2018-08-02
Learn how to use Slots and Drills and get stronger!,2018-08-01
[7/31 17:00Edit] Tropical Vacation Gacha now available!,2018-07-31
Doubles the number of "Core" to get!  Upgrade Gacha!,2018-07-30
Summer Festival Screenshot Contest,2018-07-25
Valuable Summer Ice Set now available!,2018-07-25
Beginner Support Campaign,2018-07-25
"Summer Festival ~Festival Edition~" Event On Now!,2018-07-25
Reasonable Total Payment Campaign now in session!,2018-07-25
[Limited] Added Bonus! Introducing Armor Gacha!,2018-07-20
[Character Avatar Gacha] Heavenly Miko Priestess!,2018-07-20
Notice for End of Sale,2018-07-19
Limited for 1 time, daily! Swimsuit Gacha at sale price!,2018-07-18
Drill Winning Rate 2x! Upgrade Gacha!,2018-07-18
Berserk Invasion Weapon Gacha now available!,2018-07-16
[7/13 15:40Edit] About Connection Failure,2018-07-13
Madness Order Gacha now available!,2018-07-13
[7/11 24:45Edit] About Connection Failure,2018-07-12
Mysterious Crows Gacha now available!,2018-07-11
Expansion items are now on time-sale!,2018-07-11
[8/3 20:00 Edit]Event "Cooling Summer Festival -Preparation-" now open!,2018-07-11
New hairstyles 4 types included in Beauty Set!,2018-07-11
Notice for End of Sale,2018-07-10
[7/9 18:55 Edit]About malfunction of having Gacha scheduled to sale was temporarily effective,2018-07-09
Astrologer Gacha now available!,2018-07-09
3 types Pick-up Gacha now available!,2018-07-06
Valuable Potato Set now available!,2018-07-04
Star Fest Weapon Gacha now available!,2018-07-02
Limited-time-only! Star Fest Map now available!,2018-07-01
Star Fest Avatar Gacha now available!,2018-06-30
Rabbit Tea Party Gacha now available!,2018-06-29
Limited-time-only! Payment Bonus Campaign now open!,2018-06-27
Patisserie de Avayye Gacha now available!,2018-06-27
Raid Boss Opening Dates,2018-06-27
Adjustment of maximum enhanced status of SR Weapons from Gacha,2018-06-27
Wood Set now on sale!,2018-06-27
Watermelon Fest Gacha available!,2018-06-25
[Character Avatar Gacha],2018-06-20
[Limited] Added Bonus! Introducing Armor Gacha!,2018-06-20
Unicorn Praetoriani Gacha now available!,2018-06-18
Unicorn Accolade Gacha now available!,2018-06-15
6/14 About Connection Failure,2018-06-14
Limited-time-only! Payment Bonus Campaign now open!,2018-06-13
Upgrade Gacha now available!,2018-06-13
Armors Gacha now available! [12/5 Update],2018-06-13
Free Daily Gacha now available!,2018-06-13
"Rainy Pack" now on sale!,2018-06-13
Hortensia Marriage Gacha now available!,2018-06-13
Just Married Gacha now available!,2018-06-13
Event "Mariage Azul" now open!,2018-06-13
Alchemia Story Starts!,2018-06-13
About Area Bosses,2018-01-17
